code,email
5421115,packvoyages@yahoo.fr
5426090,CAPTOUR@MENARA.MA
5420047,resa@labeltours.com
5427333,timtours2018@gmail.com
5420994,vosfron@gmail.com
5425709,voyagessebou@yahoo.fr
5422820,aloukili@carlsonwagonlit.ma
5421103,SKYLINETRAVEL@MENARA.MA
5421302,DIWANTOURS@GMAIL.COM
5420999,chellah.v@menara.ma
5421102,FAMILYVOYAGE@YAHOO.FR
5421130,SAFARI.VOYAGES@MENARA.MA
5420139,eraja@atlasvoyages.com
5421063,aziza@terratour.ma
5422819, VOYAGESTAM_1@menara.ma
5421195,PREMICES_VOYAGES@HOTMAIL.COM
5427217,elqamravoyages@gmail.com
5427266,direction@abmtravel.ma
5420043,selver-voyages@hotmail.fr
5427222,ticketing@juliatravel.ma
5421059,asfarath@menara.ma
5427316,N.MACHMACH1511@GMAIL.COM
5427338,ELOUAZZANIVOYAGES@GMAIL.COM
5427295,mobarakavoyages@gmail.com
5427314,ovh.voyages@gmail.com
5427185,PLATINIUMTOURS24@GMAIL.com
5427239,JKWAJIH@YAHOO.FR
5427290,H.DRISSI@JUSTTRAVEL.MA
5420041,MAROUANE.KHABBAZI@GMAIL.COM
5421115,packvoyages@yahoo.fr
5421138,btayeb@gmail.com
5427191,rawanetravel.commerciale@gmail.com
5427269,tizirandonnees@gmail.com
5421313,historicvoyages@hotmail.fr
5422808,smactvoyages@gmail.com
5420990,ALI.KARIOUN@MAJESTICMOROCCO.COM
5421324,info@equinoxe.ma
5421255,EMITOURSMAROC@GMAIL.COM
5421300,contact@mooiz-voyages.com
5421071,dijatours@gmail.com
5421084,mbenkiran@gmail.com
5428081,mortier_vgs@hotmail.com
5421404,tako_tours@hotmail.fr
5421441,bouregregv@gmail.com
5421422,Yassine.b@yazztours.com
5421389,aswarvoyages@gmail.com
5421401,info.marisartravel@gmail.com
5421425,Conseil.sigma@gmail.com
5421365,nourvoyages@gmail.com
5421224,ilyatours@menara.ma
5421124,Fan_tours@hotmail.com
5421138,fadel1@menara.ma
5421285,info@travelexmorocco.com
5421350,ALAARABIAVOYAGE@GMAIL.COM
5421118,ALHASSANIAVG@GMAIL.COM
5421261,AMWAJVOYAGE@HOTMAIL.COM
5425227,fastvge2@menara.ma
5421344,ritajvoyages@gmail.ma
5420101,atlasvoyages.com
5421355,contact@supratourstravel.com
5421238,TREKKINGTOURS@HOTMAIL.FR
5421236,TUTTRAVEL_8@HTMAIL.COM
5421022,billetterie@altitudevoyages.ma
5427019,agence@moderntravelagency.ma
5421356,HARAMAIN_VOYAGES@HOTMAIL.COM
5420017,colchiquevoyage@gmail.com
5421431,imane.lahyani@ryad-tours.com
5420027,manish.satguru@yahoo.com
5421454,contact@evenementvoyage.com
5421463,jaziravoyages@gmail.com
5421367,arabholidays@gmail.com
5420013,dakhlaregencytravel@yahoo.fr
5421312,comercial@elsahariano.com
5427165,MARIAMFAIDOUL2014@GMAIL.COM
5427216,comptabilite.faydoultours@gmail.com
5421381,riodeorovoaygesii@gmail.com
5427265,sahara.canaria.tirass@gmail.com
5427304,LAAYOUNETOURS@GMAIL.COM
5420015,rakvges@gmail.com
5421209,tassaout@menara.ma
5421275,anouarvoyages@gmail.com
5421064,palmiersvoyages.ozz@menara.ma
5420992,loka.voyages@gmail.com
5421296,othman@travellink.ma
5421347,selouane@mountain-voyage.com
5421314,emvoyages@menara.ma
5421427,contact@exploretheworld.ma
5421346,sabah.mazar@gmail.com
5420091,karima@qafilattayba.com
5421204,soumiavoyages@gmail.com
5421192,info@hibiscustravel.ma
5421213,info@voyages21.com
5421410,info@andovoyage.com
5420096,palmiersvoyages.ozz@gmail.com
5421256,saharaexpe@menara.ma
5421406,mondialvoyages@hotmail.fr
5421403,soumatravel@gmail.com
5421317,tinmelvoyagesmarrakech@gmail.com
5420049,contact.idealtravel@gmail.com
5420018,sales.scaligeraviaggi@gmail.com
5421446,direction@marrakechholidays.com
5427202,none@none.com
5427188,CONTACT@QAFILATTAYBA.COM
5427206,billetterierak@jcitours.com
5427319,none@none.com
9021709,belal.farouk@atravel-eg.com
9024153,GMKarnak.Offices@egyptair.com
9025842,hfarag@atravel-eg.com
9020265,ibrahim.abdalla@familytours.com.eg
9025635,nisreenalqadisiya@gmail.com
9026042,safaa-mahmoud@blueskygroup.net
9020460,safaa-mahmoud@blueskygroup.net
9020452,safaa-mahmoud@blueskygroup.net
9020347,safaa-mahmoud@blueskygroup.net
9021743,elmageed_lebya@yahoo.com
9020090,info@maktravel-egypt.con
9021138,hodariad@exceltrvl.com
9020520,hodariad@exceltrvl.com
9020462,hodariad@exceltrvl.com
9020455,hodariad@exceltrvl.com
9020482,hodariad@exceltrvl.com
9020510,hodariad@exceltrvl.com
9020516,hodariad@exceltrvl.com
9020534,hodariad@exceltrvl.com
9020124,Rania.Roushdy@travelchoiceeg.com
9024142,Rania.Roushdy@travelchoiceeg.com
9025321,Rania.Roushdy@travelchoiceeg.com
9020222,Rania.Roushdy@travelchoiceeg.com
9020424,Rania.Roushdy@travelchoiceeg.com
9020401,Rania.Roushdy@travelchoiceeg.com
9020384,Rania.Roushdy@travelchoiceeg.com
9020386,Rania.Roushdy@travelchoiceeg.com
9020403,Rania.Roushdy@travelchoiceeg.com
9020408,Rania.Roushdy@travelchoiceeg.com
9021442,Rania.Roushdy@travelchoiceeg.com
9020411,Rania.Roushdy@travelchoiceeg.com
9021244,Rania.Roushdy@travelchoiceeg.com
9020175,Rania.Roushdy@travelchoiceeg.com
9024257,Rania.Roushdy@travelchoiceeg.com
9020030,akamel@wondertravel-eg.com
9020118,akamel@wondertravel-eg.com
9020135,akamel@wondertravel-eg.com
9020450,akamel@wondertravel-eg.com
9020451,akamel@wondertravel-eg.com
9020005,aviation@menatours.com.eg
9020022,aviation@menatours.com.eg
9020134,aviation@menatours.com.eg
9020417,aviation@menatours.com.eg
9020441,aviation@menatours.com.eg
9020501,aviation@menatours.com.eg
9025578,aviation@menatours.com.eg
9028918,aviation@menatours.com.eg
9028919,aviation@menatours.com.eg
9020522,manal.fahmy@travco.com
9020448,manal.fahmy@travco.com
9020508,manal.fahmy@travco.com
9020428,manal.fahmy@travco.com
9020518,manal.fahmy@travco.com
9020484,manal.fahmy@travco.com
9020489,manal.fahmy@travco.com
9020413,manal.fahmy@travco.com
9020430,manal.fahmy@travco.com
9020515,manal.fahmy@travco.com
9020093,manal.fahmy@travco.com
9020488,manal.fahmy@travco.com
9021323,manal.fahmy@travco.com
9020506,manal.fahmy@travco.com
9020413,manal.fahmy@travco.com
9020493,manal.fahmy@travco.com
9020301,mnosseir@astratravel.com
9021322,mnosseir@astratravel.com
9020407,mnosseir@astratravel.com
9020387,mnosseir@astratravel.com
9020445,mnosseir@astratravel.com
9020410,mnosseir@astratravel.com
9020486,mnosseir@astratravel.com
9020444,mnosseir@astratravel.com
9020096,genid@abousamratravel.com
9020263,genid@abousamratravel.com
9020525,genid@abousamratravel.com
9020526,genid@abousamratravel.com
9020527,genid@abousamratravel.com
9020531,genid@abousamratravel.com
9020532,genid@abousamratravel.com
9020533,genid@abousamratravel.com
9024159,travel-gm@misrtravel.net
9020511,travel-gm@misrtravel.net
9020009,travel-gm@misrtravel.net
9020446,travel-gm@misrtravel.net
9020513,travel-gm@misrtravel.net
9020512,travel-gm@misrtravel.net
9020189,travel-gm@misrtravel.net
9020010,travel-gm@misrtravel.net
9026570,travel-gm@misrtravel.net
9020100,travel-gm@misrtravel.net
9021544,travel-gm@misrtravel.net
9020077,travel-gm@misrtravel.net
9020013,travel-gm@misrtravel.net
9020167,travel-gm@misrtravel.net
9020168,travel-gm@misrtravel.net
9020521,travel-gm@misrtravel.net
9020247,travel-gm@misrtravel.net
9024178,travel-gm@misrtravel.net
9020185,travel-gm@misrtravel.net
9020011,travel-gm@misrtravel.net
9020316,travel-gm@misrtravel.net
9020259,travel-gm@misrtravel.net
9020048,travel-gm@misrtravel.net
9020326,travel-gm@misrtravel.net
9020436,travel-gm@misrtravel.net
9022662,travel-gm@misrtravel.net
9020324,travel-gm@misrtravel.net
9020320,travel-gm@misrtravel.net
9020322,travel-gm@misrtravel.net
9020429,travel-gm@misrtravel.net
9020207,info@petratravelagency.com
9021652,tkt@kenzytours.com
9022273,salessupport.cai2@toptraveltrip.com
9021212,ticketing@alrowadtours.com.eg
9026373,AMER@brandtravel-eg.com
9021679,aviation@wastco.com
9022096,aviation@unoragetours.com
9020027,medhat.elamary@nisrinternationaltours.com
9020114,khaled@travel-pegasus.com
9022521,mayada.gaber80@gmail.com
9021222,ahmed.karim@nasas-travel.com
9021165,ticketing@kadmartravel.com
9026461,aviation@mam-tours.com
9021987,info@att-egypt.com
9020173,pearltravel1@gmail.com
9021653,Amany.elmenshawy@exclusive-travels.com
9020055,hannovilletours@gmail.com
9020172,EGYPTIANINTERN11@GMAIL.COM
9020464,liliane.a@eastwesttravelegypt.com
9021043,marwa@empire.travel
9021308,aviation@airbustours.com
9020101,doaa@sangiovanni.com
9026356,reservation@mastertravelegy.com
9022567,ghalia.mohamed@cairoairport.travel
9020119,nomani_tours@hotmail.com
9021776,booking@lajoietravel.com
5421311,SOUNDOUSSVOYAGES@HOTMAIL.COM
5421163,chafarinas@menara.ma
5420124,chafarinas@menara.ma
5421025,ALKHOUZAMA@MENARA.MA
5420023,KETAMANADOR@GMAIL.COM
5420076,KETAMAVOYAGESIMZOURENE2014@GMAIL.COM
5420086,KETAMADRIOUCH@GMAIL.COM
5420125,CHAFARINASCRONA@MENARA.MA
5421039,BABAZHAR@MENARA.MA
5421119,BOUYLAGHMANE_TOURS@YAHOO.FR
5421264,KABDANIVOYAGES@MENARA.MA
5422933,KETAMADIRECTION@GMAIL.COM
5423210,manatours1990@GMAIL.COM
5420084,KETAMAARROUI@GMAIL.COM
5420022,KETAMANADOR@GMAIL.COM
5420115,manatours1990@GMAIL.COM
5421101,MDT.HOCEIMA@MENARA.MA
5426360,midarvges1993@hotmail.com
5421374,CHARKAOUI@CHARKAOUIVOYAGES.COM
5420093,MDT.HOCEIMA@MENARA.MA
5421280,moltaka_voyages@hotmail.com
5420134,europa_voyages@outlook.fr
5421019,marocvoyagestourisme@gmail.com
5421041,ilhame.kaouachi@gmail.com
5421108,SORITOURSM6@GMAIL.COM
5421182,alwahda.voyagesoujda@gmail.com
5421189,bamatours@menara.ma
5421233,khalidamadrane1@gmail.com
5424168,europa_voyages@outlook.fr
5421073,guercifvoyages05@gmail.com
5421091,abfat2@hotmail.com
5423657,islyvoyages@gmail.com
5421036,wilayatours@hotmail.com
5421229,nbelkassmi@belkassmivoyages.com
5421231,alhouda_voyages@hotmail.com
5421136,explo_med@yahoo.fr
5421223,hassanmoulouya@gmail.com
5421272,salamazur@hotmail.fr
5421362,oumassinevoyages@gmail.com
5421349,lahsainivoyages@yahoo.fr
5421335,jeddavoyages@gmail.com
5420055,moumnivoyages@hotmail.com
5427157,chandan@satgurutravel.com
5421178,vipmto@mto.ma
5420002,hispamaroc.tng@gmail.com
5421270,voyagetourismetanger@yahoo.fr
5421274,sahm.aaqiq@gazelles.ma
5421049,hitvoyages@hotmail.fr
5421090,lehyan_travel@hotmail.com
5422825,Naima.bizzou@carlsonwagonlit.com
5425626,vifland_tanja@hotmail.com
5421413,iris.med.travel@gmail.com
5421343,SAVATRAVEL@HOTMAIL.COM
5429376,hispamaroc.tng@gmail.com
5421109,driss.alami@gulliver-voyages.com
5421032,nordfrontiere@yahoo.fr
5420988,salim@calypsotanger.com
5421306,voyagesluxor@hotmail.com
5421445,trnswrldagency@gmail.com
5420009,moroccotravel2@gmail.com
5427256,zoubairtravel@gmail.com
5427221,marmara.tanger@gmail.com
5421127,maouassimvoyages@hotmail.fr
5421003,president@bovoyages.com
5421179,NOUREDDINE@HAPPYTRAVEL.TO
5421378,ayourtours@gmail.com
5420019,INFO@IVOYAGES.MA
5421366,billetterie1@timetravelmorocco.com
5421392,amodoutravel@hotmail.fr
5421015,kaoutartours@gmail.com
5421407,zitouni@mouahatoursagadir.com
5421415,reservation@ataqwavoyages.ma
5420095,INFO@IVOYAGES.MA
5421027,goholiday@menara.ma
5420092,dounitvoyages@gmail.com
5422784,touringtoa@hotmail.fr
5420006,TIZNITVGES@GMAIL.COM
5420094,INFO@IVOYAGES.MA
5427232,mdtravel.dmc@gmail.com
5427180,info@matchtours.ma
5427237,darkoum.voyages@gmail.com
5427161,illightourisme@gmail.com
5420001,cdstours97@gmail.com
5427211,J.JADTRAVEL@GMAIL.COM
5427280,amical.tours1@gmail.com
5420089,kababousse@atlasvoyages.com
5421336,hasna@atlastoursmorocco.com
5427253,advmaroc22@gmail.com
5421126,RESASWIFTRAVEL@GMAIL.COM
5421156,pegase.voyage@gmail.com
5421437,contact@exploraction-maroc.com
5427279,ALMUAYEDAGADIR@GMAIL.com
5427163,MAGHRIB.VOYAGES@HOTMAIL.FR'
5421222,massira_travel@hotmail.fr.
5421294,SANMARINOVOYAGES@gmail.com
5427342,Contact@chictraveltour.com
5427272,confiancevoyage2019@gmail.com
5420020,plageblanchetravel@gmail.com
8721264,manager@tunisiaqueentravel.com
8721269,contact@topeventstunisie.com
8721282,commercial1@expressvoyages.com.tn
8721283,info.kounouz@gmail.com
8721285,billetterie@continentaltours.net
8721287,contact@menatours.com
8721288,billeterie@vipdest.com
8721293,mondherbenkhalaf@yahoo.fr
8721299,sales@touringtravel.net
8721305,hightravel@gmail.com
8721307,ticketing@jektistravel.com
8721308,sarra@btevoyages.com
8721312,tarek.voyages@outlook.fr
8721322,petravoyage@yahoo.fr
8721325,contact@safsafvoyages.com
8721333,contact.rimestravel@topnet.tn
8721346,info@ayatravel.com
8721352,alarabiatourisme@gmail.com
8721492,manager@skylinetraveltunisie.com
8722521,rboukesra@carthagetours.net
8722524,chamstour@topnet.tn
8722528,adnane.farfar@tts.com.tn
8723828,bahrytravel@yahoo.fr
8724056,habibellouze@hotmail.fr
8724693,imene@atlantis.tn
8726781,herodotevoyages@gnet.tn
8727490,billeterie@voyages2000.com.tn
8727519,helpdesk6@hotelidh.com
8727522,wahib.berrayana@dtservices.travel
8720004,reservation@diwantravels.com
8720011,jedidi_alitws@yahoo.fr
8720012,direction@ramcotravel.com
8720013,voyage@ell-jaber.com
8720015,mta.voyage@planet.tn
8720021,ines@tgv.tn
8720028,youssef.boussaada@arianavoyages.com
8720029,ivs@topnet.tn
8720030,kerkouane_voyage@topnet.tn
8720035,contact@okrentacar.com.tn
8720041,vagatour.beja@planet.tn
8720042,coccinelletravel@gmail.com
8720044,thyna.voyages@yahoo.fr
8720048,res.tun@satgurutravel.com
8720057,soleil.voyages@planet.tn
8720061,olympictours@mail.ru
8720064,najoua@ahramvoyages.com
8720066,hcherif.baraka@topnet.tn
8720069,bengardene.voyages@gnet.tn
8720074,universal.travel@gnet.tn
8720077,bayarboutheina@yahoo.fr
8720078,Romulus.voyages@poulinagroup.com
8720083,universal.travel@gnet.tn
8720091,aval.voyages@gnet.tn
8720093,asfarelhana2@yahoo.fr
8720096,supertours@topnet.tn
8720098,imene@atlantis.tn
8720100,chamstousmsaken@topnet.tn
8720107,t.jebali@stourstunisie.com
8720273,destination1@topnet.tn
8720437,rboukesra@carthagetours.net
8720956,jawahers.tours@gmail.com
8720991,mehdi@smaouivoyages.com
8721000,abdelaziz.benaissi@corporate-te.com
8721001,elmenazeh.voyages@gnet.tn
8721002,mehdi@syrinetours.com.tn
8721010,voyageplus@planet.tn
8721013,ali.hanfi@voyageair.net
8721015,reservation@novatours.com.tn
8721024,royal.wings@gnet.tn
8721026,abouhamzavoyage@gmail.com
8721028,Achwak-direction@topnet.tn
8721030,reehenvoyages@yahoo.fr
8721036,arabelvoyages@topnet.tn
8721040,commercial@tta-agency.com
8721044,alia.yassinetravel@topnet.tn
8721047,slim.baklouti@planet.tn
8721050,sahelvoyages@topnet.tn
8721052,opera.voyages@topnet.tn
8721056,imen.siala@zeitounatours.com
8721057,samir.voyages@gnet.tn
8721064,afritours@planet.tn
8721066,info@optionvoyages.com.tn
8721069,mehdi.tours@planet.tn
8721077,emna.voyages@tunet.tn
8721080,billet.congresstour@gmail.com
8721081,travelacademy@travel-academy.com
8721082,bejaoui_voyages@yahoo.fr
8721083,info@furiavoyages.com
8721088,amelvoyages@yahoo.fr
8721092,narcisse.voyages@gnet.tn
8721094,tunisivision@topnet.tn
8721095,maher.driss@festival-travel.com
8721096,cercinavoyage@gmail.com
8721100,tarek@oiseaubleu.com.tn
8721105,manager@kyranistravel.com
8721106,irs@hexabyte.tn
8721107,tarek.lassadi@traveltodo.com
8721109,transworldagency52@yahoo.fr
8721110,booking@evasion-travel.com
8721111,vat@medicmultiservices.com
8721112,t.opentours@topnet.tn
8721113,horizonvoyages@topnet.tn
8721114,evasionvoyages@topnet.tn
8721116,hello.tours@planet.tn
8721119,transtravel_tunis@yahoo.fr
8721121,soussana.tours@topnet.tn
8721123,hatem.salhi@tn.fcm.travel
8721125,sondes.travel@topnet.tn
8721127,zouhair.mbarek@batouta.com.tn
8721129,dm@millesima-travel.com
8721131,commercial@walid-voyages.com
8721132,wajdivoyage@tunet.tn
8721133,avia_tours@yahoo.fr
8721142,ifriqiya.travel@gmail.com
8721148,kelibia.voyages@planet.tn
8721151,pdg@mydreamvoyages.tn
8721156,tarekmelki@pts.com.tn
8721162,commercial.aladinvoyages@topnet.tn
8721168,commercial@ovoyages-tunisie.com
8721173,kamel.toumia@dimavoyages-tunisia.com
8721182,omnia.voyages@tunet.tn
8721188,direction@springtravelservices.com
8721194,naim_travel_services@hotmail.com
8721198,direction@sassi-voyages.com
8721201,commercial1@madinahvoyages.tn
8721205,info@africana-voyages.com
8721208,idealtravel.ramy@gmail.com
8721214,info@mawasim.com.tn
8721216,nejmavoyages@hotmail.com
8721227,info@traveltravel.pro
8721229,artours.direction@topnet.tn
8721233,direction@lamarsavoyages.com
8721242,sotuval@yahoo.com
8721243,miledvoyagetourisme@hotmail.com
8721246,sales@edentours.tn
8721256,directioncommerciale.vlt@planet.tn
8721257,billetterie@carthagetravel.com.tn
8727546,manager@interbusiness.com.tn
8727523,contact@mirfak-travel.com
8728722,majus.voyage@topnet.tn
8721327,topprestigetravel@gmail.com
8727524,chedlis@b-ltravel.com
8727527,commercial@s-capade.com
8727528,BILLETRIE.TUNIS@ELMANSOURTRAVEL.COM
8727531,flight@debdabtravel.tn
8727536,billetterie@karamtours.com
8727538,nooredoo_voyages@outlook.com
8727543,imen.ouali@southmedtravel.tn
8727545,ayoub@flash-voyages.tn
8720045,voyagesdor@yahoo.fr
8721005,lagalite@hotmail.com
8721045,oasis.tours@planet.tn
8727555,contact@best-tours.tn
8727560,fatma.anisvoyages@gmail.com
8727563,pheniciavoyages@gmail.com
8727567,sales@kobbitravel.tn
8727573,kairouanvoyages@gmail.com
8727575,contact@mesdesthetetour.com
8727578,allani.hedi@gmail.com
8727600,direction@gettogate.tn
8727599,booking@jamilavoyages.com
8727646,contact@paradisetravel.tn
7121318,syed.suhail@seera.sa
7120624,syed.suhail@seera.sa
7120598,syed.suhail@seera.sa
7121306,syed.suhail@seera.sa
7121311,syed.suhail@seera.sa
7120843,syed.suhail@seera.sa
7120682,syed.suhail@seera.sa
7121292,syed.suhail@seera.sa
7120061,syed.suhail@seera.sa
7121310,syed.suhail@seera.sa
7121038,syed.suhail@seera.sa
7121608,syed.suhail@seera.sa
7121463,syed.suhail@seera.sa
7121033,syed.suhail@seera.sa
7121046,syed.suhail@seera.sa
7120340,m.nizam@fursan.com.sa
7121535,m.nizam@fursan.com.sa
7120980,m.nizam@fursan.com.sa
7120281,m.nizam@fursan.com.sa
7120761,m.nizam@fursan.com.sa
7120760,m.nizam@fursan.com.sa
7120150,m.nizam@fursan.com.sa
7121555,m.nizam@fursan.com.sa
7120228,m.nizam@fursan.com.sa
7120072,m.nizam@fursan.com.sa
7120762,m.nizam@fursan.com.sa
7120395,Relsebaie@alsarh.com.sa
7121210,A.binmunif@flyin.com
7120446,Fahmawi@binghaith.com
7121349,almaswhali20@travel.com
7120665,Alikunju@gts.travel
7120968,Danish@arjaa.com
7120695,S.khan@alfaristours.com
7120420,Elfaham@ALAHRAMTRAVEL.COM
7121144,Faisal.sufyan@alriyadhtravel.com
7120120,Sales@almuayed.com
7122076,Mohamed.Soliman@travelerclub.sa.com
7120471,mousimtravel@tours.sa
7120047,Hussni@itc-lcc.com
7121134,
7120827,Tanveer@actstour.com
7122467,  Info@rwafi.com
7122150,Info@alshmokhtrv.com
7122126,Operation@flyweektravel.com
7121129,Salesmanager@flyshahin.com.sa
7120486,Abintory@isdb.org
7122172,Hamid@akbaralamtours.com
5420050,MOUHSINEVOYAGE@HOTMAIL.COM
5420041,ERAMTOUR@MENARA.MA
5427222,ticketing@juliatravel.ma
7120708,Info@alrajhiholiday.com
7122002,Operations@cooltravelsa.com
7120330,Corporate@amikan.com.sa
7120712,Corporate@anan.com.sa
7120780,A.ismail@alanantravel.com
7120841,Muzaffarhusain@eiradtravel.com
7121078,Ksa.riyadh@itltravel.com
7122108,Ahmed.adawi@ejaztravel.com
7123279,Mnasr@zahidtravel.com
7120460,Info@lamar-travel.com
7121626,Jayakrishnan@sa.dadabhaitravel.com
7121131,M.ahmed@akbergulf.com
7120428,Fatima.khalid@hesenalmusafer.com
7120381,Karam@classictravels.com
7120531,Hamdan.alkhaldi@kanoo.com
7120383,Rami.deeb@mirage4travel.com
7120135,Aohabash@shamstravels.com
7125430,Aohabash@shamstravels.com
7121130,Aohabash@shamstravels.com
7121107,Travelsalfahhad@yahoo.com
7121148,Travelsalfahhad@yahoo.com
7123678,Travelsalfahhad@yahoo.com
7123658,Ibasha@tarteebtravel.com
7121391,Wahab.airways@gmail.com
7121440,Khalid.travel@kadatravels.com
7120006,Ahmed.ajili@fouadtravel.com
7121110,Ahmed.ajili@fouadtravel.com
7122208,Ghallab@alarob.com
7121653,Neestravel@yahoo.com
7122047,Osman@travelone.sa
7120709,Info@alshinditravel.sa
7122443,Info@xigulftravel.com
7121886,Alzohairfortravel@hotmail.com
7120052,Lhe2001@gmail.com
7121651,Sm@alia.com.sa
7123693,Zulfiqar@fursanasia.com
7123758,S3@areejco.net
7120034,Travel@tandts.com
7121442,M.chahien@al-jazirah.com.sa
7120699,Gafoortcta@gmail.com
7123687,Kamranflytravel@ijazatime.com
7120838,Kamranflytravel@ijazatime.com
7121187,Shabir.ahemd@adamstravel.com
7121589,Yasser@attartravel.com
7122154,Ali@btravel.com.sa
7120444,Walid@hafiftravels.com
7121004,Moh.3bas@hotmail.com
7123276,Info.travel@alireza.com
7121065,Imran.sa@najdwings.com
7121101,Imran.sa@najdwings.com
7122986,Yatasa@yatatravel.com
7121021, Q-Z-08@HOTMAIL.CO.UK
7120267,OMAR3871@ALHABASHTVL.COM 
7120585,almaswhali20@travel.com
7120098,KHADMAT2111@TRAVEL.COM
7121187,usman.sheikh@adamtravel.net
7122121,ashraf@hotelsme.com
7129792,NAS1430SA@ALHABASHTVL.COM
7121869, M.ALI.ANWAR81@GMAIL.COM
7123792,ahm_morsy@travelerclub.sa.com
7121036,ahmedalmursi@alfaristours.com
7120804,mohammed.abdukasem@seera.sa
7123804,info@nouran-travel.com
7123762,mohammed.abdukasem@seera.sa
7121451,mohammed.abdukasem@seera.sa
7121081,hisham@topspringtours.com
7121004,info@nouran-travel.com
7123990,ghayatrs@traveltourism.com
5420005,numberonefes@gmail.com
5421040,sweetvoyages@yahoo.fr
5422806,cwtfes@carlsonwagonlit.com
5421093,karimavoyages@gmail.com
5421098,reservations@tazavoyages.com
5421276,saissvoyages1@gmail.com
5424138,azursed@menara.ma
5421074,zalaghvoyages@gmail.com
5421301,goldentravelfesmorocco@gmail.com
5421320,solair.travel@gmail.com
5420057,UTRAVFES@GMAIL.COM
5427158,NOUVELLESDESTINATIONSAERIEN@GMAIL.com
5427289,KETTANIVOYAGES@GMAIL.COM
5421000,contact@voyages-oualili.com
5421048,allavoyages2000@yahoo.fr
5421308,promo.voyages@yahoo.com
5421369,benali.hicham@hotmail.com
5421382,alphaoasistours@gmail.com
5421357,d.zitounavoyage@yahoo.com
5421443,adrarvoyage@gmail.com
5421100,elyousre_voyage@yahoo.fr
5421245,drissivoyages_1@menara.ma
5421391,gharrasn@marocalandalus.com
5427173,hajar.sales@tazitravels.com
5427352,resa.3n.eloujdiasfar@gmail.com
5427334,AGENCETAFILLALET.TOURS2023@GMAIL.COM
5427346,1prowings@gmail.com
5420008,BILLETCASA@KTIVOYAGES.COM
5422805,TEAMCASA.MA@CONTACTCWT.COM
5420103,CONTACT@VGH.MA
5421001,LINA@GMAIL.ma
5421055,ALRTOURS@IAM.NET.MA
5421193,INFO@UNIVERS.MA
5421198,flywell@yahoo.ma
5421297,safarclicktourisme@gmail.ma
5422793,uni@voyage.ma
5423221,ahadraoui@mai.cpm.ma
5421061,active@travel.com
5421184,kenza@agvtaha.ma
5428079,tamvoyages@mpm.ma
5421318,najwa.sarout@rts.co.ma
5421304,uneted@travel.ma
5421327,ask@motorow.ma
5421316,exploasis@voyages.ma
5421345,funandmotivationt@gmail.com
5421341,medine@voyages.ma
5422814,
5427186,h.elouali@mondevoyage.net
5421097,billetterie@visitmorocco.ma
5422799,www.transatour.ma
5421199,a.aljazira@menara.ma
5421337,www.voyagesparadismaroc.com
5427120,sabah@mdestination.com
5420991,voyages@midfar.ma
5421057,yemvoyage@gmail.com
5428317,voyagesclement@orientation.com
5421251,avenidaworldservice@menara.ma
5421043,prestovoyages@menara.ma
5424166,ticketing@utess.com
5420025,gibmar-travel@iam.net.ma
5421194,idtours@menara.ma
5427250,www.nordingtravel.ma
5420058, raniavoyages7@gmail.com
5421002,dmc@stoursvoyages.com
5420026,caa@atlasvoyages.com
5421054,ag.zguendi@yahoo.fr
5421060,INFO@TRAVELCENTER.MA
5421120,khadija@tiptours.ma
5421159,billetterie@libertymorocco.ma
5421181,jambotours5@jambotours.com
5421288,tkt.zemzem@gmail.com
5420099,caa@atlasvoyages.com
5421150,rachida.jtours@gmail.com
5421340,info@milleniumtravel.ma
5420029,info@shemstravel.com
5427171,info@dsvoyages .com
5427184,info@majestour.com
5421072,elhansalitours@gmail.com
5421161,nassimvoyages@hotmail.fr
5421331,BOUKIR.BOUCHRA@HOTMAIL.FR
5421214,fly1@mht.ma
5420997,mouna@monarchtravel.com
5421046,KHOURIBGAVOYAGES@GMAIL.COM
5421248,elqodsvoyages@yahoo.fr
5421241,asfaraloumracasa@gmail.com
5427187,TARIKELKHAIR@GMAIL.COM
5420340,imilchilvoyages.yassir@gmail.com
5421395,asmae.douniatravel@gmail.com
5421258,orbitevent.voyage@gmail.com
5421081,ainasserdoune.voyages@gmail.com
5421099,carlton_travelagency@yahoo.fr
5427189,BILLETS@GALAXIE-VOYAGE.COM
5427278,contact@ligneassalam.ma
5421165,elyakoutvoyages@menara.ma
5421234,j.addich@teamtravel.ma
5421298,direction@caddyvoyages.ma
5420142,ahmedfavori@yahoo.com
5421044,venizia.travel1@gmail.com
5427172,ghizlane@rafinitytravel.com
5421158,khadija@evencymorocco.com
5421086,s.bouchra@pleinciel.ma
5421429,azuratours@gmail.com
5428329,direction@supertours.ma
5422792, intervoyagesabd@gmail.com
5421021,oceanicgrp@gmail.com
5420080,hispamaroc2@gmail.com
5421307,safariat.t@gmail.com
5421259,palmeraie.bleu@gmail.com
5421293,info@thetravelshop.ma
5427182,info@octavtour.com
5421239,laila.bennis@expressevoyages.com
5427231,fouzia@mtmdmc.com
5427326,tarek@paradisia.ma
5427322,info@neos-travel.com
5421451,INFO@TRAVELGATEWAY.MA
5421348,eloirakfekkak@globalvoyages.ma
5421013,contact@ricordivoyages.com
5422198,fedala.voyage@gmail.com
5429032,suntours25@hotmail.com
5420996,amadvoyages@hotmail.fr
5421167,billet@siroccoeventours.com
5422999,fedala.voyages.eljadida@gmail.com
5421277,rzane.b@weareaccess.ma
5421368,billeterie@maresoltours.com
5421397,marketing@saytravelagency.com
5421031,contact@latelierduvoyagemaroc.com
5420031,contact@tamarisvoyages.ma